Workbook

Sheet 封面
B2: 助农直播管理系统 · 项目管控台账
B4: 需求 · 追踪矩阵 · WBS · 风险 · 里程碑 · 测试 · 变更 · 待确认
B6: 文档版本 | C6: v1.0（G1 基线候选）
B7: 编制 | C7: P1 项目&产品负责人
B8: 基准日期 | C8: 2026-10-19
B9: 项目周期 | C9: 2026-10-19 ~ 2027-02-05（W16 缓冲）
B10: 唯一事实源 | C10: docs/ 目录（本表为派生管理视图）
B12: 关键数字
B13: 功能需求 81 | D13: 测试用例 78
B14: P0 60 / P1 18 / P2 3 | D14: P0 60 / P1 15 / P2 3
B15: 业务接口 89 | D15: 数据表 33
B16: 含 1 个 SSE | D16: 业务 20 + 权限审计 8 + AI 5
B17: 文档 27 | D17: 工期 16 周
B18: 6 类 + README | D18: 15 周执行 + 1 周缓冲
B19: 工作表索引
B20: • 需求清单 | C20: 81 条 REQ，含优先级/迭代/验收要点/状态（可编辑）
B21: • 需求追踪矩阵 | C21: REQ ↔ 设计 ↔ API ↔ 数据表 ↔ 用例
B22: • WBS与排期 | C22: 10 个工作包、50 项任务（含汇总）、周次与责任人
B23: • 里程碑 | C23: M0–M7 与 G0–G5 门禁
B24: • 风险登记册 | C24: 18 项风险，概率×影响评分与应对
B25: • 测试用例索引 | C25: 78 条用例，执行状态与缺陷号可填
B26: • 变更台账 | C26: C1–C4 变更记录
B27: • 待确认项 | C27: Q1–Q8，G1 前需闭环
B28: • 统计看板 | C28: 按域/优先级/迭代/状态自动汇总
B30: 使用说明： 1. 本表是 docs/ 文档的派生视图，冲突时以 docs/ 为准；需求/用例变更后请重跑生成脚本或同步修改。 2. 需求清单与测试用例索引的“状态”列可下拉更新，用于周会/迭代评审。 3. 优先级：P0 必须、P1 应当、P2 可选；红色为 P0，请优先保障。 4. 风险评分 = 概率 × 影响；≥15 为高风险，需每周跟踪。

Sheet 需求清单
A1: 需求清单 · 81 条（唯一编号，状态可下拉更新）
A2: 需求编号 | B2: 域 | C2: 需求名称 | D2: 优先级 | E2: 迭代 | F2: 设计章节 | G2: 接口 | H2: 数据表 | I2: 用例 | J2: 状态 | K2: 验收要点
A3: REQ-BASE-01 | B3: BASE | C3: 农户建档与禁存字段 | D3: P0 | E3: S1 | F3: — | G3: — | H3: — | I3: — | J3: ⬜ 未开始 | K3: 提交合法农户信息后，列表 1 秒内出现该记录，字段与录入一致。；请求体中出现 `idCard`/`address`/`bankCard` 任一字段时返回 `400 PARAM_FORBIDDEN`，且数据库零落库。；农户 ID 重复提交返回 `409`，不产生第二条记录。
A4: REQ-BASE-02 | B4: BASE | C4: 手机号脱敏展示 | D4: P0 | E4: S1 | F4: — | G4: — | H4: — | I4: — | J4: ⬜ 未开始 | K4: 管理员列表与农户端均显示 `138****5678` 格式（前 3 后 4）。；非本人农户访问他人详情返回 `403`，响应体不含手机号任何片段。；系统管理员查看完整号码必须通过二次验证并填写原因，成功/失败均写入审计日志；直播管理员无查看入口，调用返回 `403`。
A5: REQ-BASE-03 | B5: BASE | C5: 资质材料上传与审核状态 | D5: P0 | E5: S1 | F5: — | G5: — | H5: — | I5: — | J5: ⬜ 未开始 | K5: 超类型或超大小上传返回 `400`，并提示允许的格式与上限。；上传成功后文件加密存储，访问链接为 15 分钟有效的签名 URL，过期访问返回 `403`。；状态流转仅允许 待审核→已认证/未通过；未通过必须填原因；非法流转返回 `409`。
A6: REQ-BASE-04 | B6: BASE | C6: 农户信息更新留痕 | D6: P1 | E6: S1 | F6: — | G6: — | H6: — | I6: — | J6: ⬜ 未开始 | K6: 原因少于 5 字返回 `400`。；每次更新生成 1 条 `operation_log`（action=`FARMER_UPDATE`），含操作人、时间、原因、before/after JSON。；同一字段连续更新 3 次，日志可完整还原 3 个版本。
A7: REQ-BASE-05 | B7: BASE | C7: 直播设备建档与编号规则 | D7: P0 | E7: S1 | F7: — | G7: — | H7: — | I7: — | J7: ⬜ 未开始 | K7: 场地编号 `C001` 下新增第 1 台设备，编号必须为 `ZB-C001-01`，第 10 台为 `ZB-C001-10`。；编号由系统生成，前端传入自定义编号返回 `400`；全系统编号唯一。；删除设备采用逻辑删除，历史预约仍可关联查询。
A8: REQ-BASE-06 | B8: BASE | C8: 设备状态管理 | D8: P0 | E8: S1 | F8: — | G8: — | H8: — | I8: — | J8: ⬜ 未开始 | K8: 状态改为"维修"时原因与预计恢复时间必填，缺失返回 `400`。；维修/停用设备不出现在可预约资源列表中，直接指定其预约返回 `409 DEVICE_UNAVAILABLE`。；每次状态变更写入操作日志（含状态前后值）。
A9: REQ-BASE-07 | B9: BASE | C9: 校准周期与到期提醒 | D9: P2 | E9: S4 | F9: — | G9: — | H9: — | I9: — | J9: ⬜ 未开始 | K9: 距到期 ≤7 天，生成 1 条站内 + 1 条短信提醒，同一设备同一到期日不重复。；过期后设备状态展示"待校准"，是否禁止预约由配置项 `device.calibration.block=true/false` 控制。
A10: REQ-BASE-08 | B10: BASE | C10: 直播场地建档 | D10: P0 | E10: S1 | F10: — | G10: — | H10: — | I10: — | J10: ⬜ 未开始 | K10: 开放时段 `start < end` 且在同一天，否则返回 `400`。；容纳人数为 1–999 的正整数。；场地详情实时汇总其下设备数量与状态分布。
A11: REQ-BASE-09 | B11: BASE | C11: 设备-场地一致性 | D11: P0 | E11: S1 | F11: — | G11: — | H11: — | I11: — | J11: ⬜ 未开始 | K11: 绑定不存在的场地返回 `404`。；跨场地变更时前端二次确认，后端记录原场地与新场地。；场地停用后其设备不可被新预约选中。
A12: REQ-BASE-10 | B12: BASE | C12: 资源空闲查询 | D12: P0 | E12: S1 | F12: — | G12: — | H12: — | I12: — | J12: ⬜ 未开始 | K12: 返回结果中不包含被占用、维修、停用、待校准（若禁止）的资源。；查询 7 天 × 12 时段，响应 P95 ≤1.5 秒。；无可用资源时返回空列表 + `available=false`，不报错。
A13: REQ-BASE-11 | B13: BASE | C13: 多条件查询与筛选 | D13: P0 | E13: S1 | F13: — | G13: — | H13: — | I13: — | J13: ⬜ 未开始 | K13: 组合筛选结果与逐条人工核对一致；分页 20/50/100 可切换。；设备维修记录仅管理员可见，农户端接口不返回该字段。；模糊查询输入 `%`、`_` 等通配符按字面量处理，不扩大结果集。
... A83: NFR-OBS-01 | B83: NFR | C83: 可定位问题 | D83: P1 | E83: S5 | F83: O5-01 §6 | G83: — | H83: — | I83: TC-NFR-07 | J83: ⬜ 未开始 | K83: 全链路 traceId；关键告警 5 分钟内触达；结构化日志保留 ≥30 天

Sheet 需求追踪矩阵
A1: 需求追踪矩阵 · REQ ↔ 设计 ↔ API ↔ 数据表 ↔ 用例
A2: 需求编号 | B2: 优先级 | C2: 迭代 | D2: 设计章节 | E2: 接口/验证方式 | F2: 数据表 | G2: 测试用例
A3: REQ-BASE-01 | B3: P0 | C3: S1 | D3: — | E3: — | F3: — | G3: —
A4: REQ-BASE-02 | B4: P0 | C4: S1 | D4: — | E4: — | F4: — | G4: —
A5: REQ-BASE-03 | B5: P0 | C5: S1 | D5: — | E5: — | F5: — | G5: —
A6: REQ-BASE-04 | B6: P1 | C6: S1 | D6: — | E6: — | F6: — | G6: —
A7: REQ-BASE-05 | B7: P0 | C7: S1 | D7: — | E7: — | F7: — | G7: —
A8: REQ-BASE-06 | B8: P0 | C8: S1 | D8: — | E8: — | F8: — | G8: —
A9: REQ-BASE-07 | B9: P2 | C9: S4 | D9: — | E9: — | F9: — | G9: —
A10: REQ-BASE-08 | B10: P0 | C10: S1 | D10: — | E10: — | F10: — | G10: —
A11: REQ-BASE-09 | B11: P0 | C11: S1 | D11: — | E11: — | F11: — | G11: —
A12: REQ-BASE-10 | B12: P0 | C12: S1 | D12: — | E12: — | F12: — | G12: —
A13: REQ-BASE-11 | B13: P0 | C13: S1 | D13: — | E13: — | F13: — | G13: —
... A83: NFR-OBS-01 | B83: P1 | C83: S5 | D83: O5-01 §6 | E83: — | F83: — | G83: TC-NFR-07

Sheet WBS与排期
A1: WBS 与排期 · 15 周执行 + 1 周缓冲（人日为估算，含缓冲）
A2: WBS | B2: 工作包 | C2: 产出 | D2: 负责 | E2: 人日 | F2: 开始 | G2: 结束 | H2: 依赖 | I2: 状态
A3: 1 | B3: 项目启动与规划 | C3: 章程、计划、风险、沟通机制 | D3: P1 | E3: 6 | F3: W1 | G3: W2 | H3: — | I3: ⬜ 未开始
A4: 1.1 | B4: 现状调研与用户访谈 | C4: 调研纪要、痛点清单 | D4: P1/P6 | E4: 3 | F4: W1 | G4: W1 | H4: — | I4: ⬜ 未开始
A5: 1.2 | B5: 章程与计划 | C5: P0-01~05 | D5: P1 | E5: 3 | F5: W1 | G5: W2 | H5: 1.1 | I5: ⬜ 未开始
A6: 2 | B6: 需求与设计（S0） | C6: SRS、规则、原型、架构、库表、API | D6: P1/P2/P6 | E6: 34 | F6: W1 | G6: W2 | H6: 1 | I6: ⬜ 未开始
A7: 2.1 | B7: 需求拆解与评审 | C7: R1-01~05 | D7: P1 | E7: 10 | F7: W1 | G7: W2 | H7: 1.1 | I7: ⬜ 未开始
A8: 2.2 | B8: 架构与数据设计 | C8: D2-01/03/04 | D8: P2 | E8: 10 | F8: W1 | G8: W2 | H8: 2.1 | I8: ⬜ 未开始
A9: 2.3 | B9: UI 原型与规范 | C9: D2-05、可点击原型 | D9: P6 | E9: 8 | F9: W1 | G9: W2 | H9: 2.1 | I9: ⬜ 未开始
A10: 2.4 | B10: 安全与 RAG 方案 | C10: D2-06/07 | D10: P2 | E10: 6 | F10: W1 | G10: W2 | H10: 2.2 | I10: ⬜ 未开始
A11: 3 | B11: 工程基建 | C11: 仓库、CI、环境、脚手架、规范 | D11: P2/P5 | E11: 12 | F11: W3 | G11: W3 | H11: 2 | I11: ⬜ 未开始
A12: 3.1 | B12: Git/分支/CI/代码扫描 | C12: C3-01、流水线 | D12: P2 | E12: 5 | F12: W3 | G12: W3 | H12: 2 | I12: ⬜ 未开始
A13: 3.2 | B13: 四套环境与种子数据 | C13: C3-03、初始化脚本 | D13: P5 | E13: 4 | F13: W3 | G13: W3 | H13: 2 | I13: ⬜ 未开始
A14: 3.3 | B14: 前后端脚手架 | C14: 可运行空壳 | D14: P2/P3 | E14: 3 | F14: W3 | G14: W3 | H14: 3.1 | I14: ⬜ 未开始
... A52: 10 | B52: 项目管理（贯穿） | C52: 周会、周报、风险、变更、评审 | D52: P1 | E52: 26 | F52: W1 | G52: W16 | H52: — | I52: ⬜ 未开始

Sheet 里程碑
A1: 里程碑与质量门禁
A2: 里程碑 | B2: 名称 | C2: 计划日期 | D2: 交付内容 | E2: 门禁 | F2: 责任人 | G2: 状态
A3: M0 | B3: 项目启动 | C3: 2026-10-19 | D3: 章程、计划、团队就位 | E3: G0 | F3: P1 | G3: ⬜ 未开始
A4: M1 | B4: 需求设计基线 | C4: 2026-10-30 | D4: SRS、架构、库表、原型、API 契约 | E4: G1 | F4: P1/P2 | G4: ⬜ 未开始
A5: M2 | B5: 地基可用 | C5: 2026-11-20 | D5: 登录、农户/设备/场地、权限骨架 | E5: G3 | F5: P1/P2 | G5: ⬜ 未开始
A6: M3 | B6: 预约闭环 | C6: 2026-12-11 | D6: 预约—审核—通知可演示 | E6: G3 | F6: P1/P5 | G6: ⬜ 未开始
A7: M4 | B7: 排队闭环 | C7: 2027-01-01 | D7: 排队—候补—冷却可演示 | E7: G3 | F7: P1/P5 | G7: ⬜ 未开始
A8: M5 | B8: 统计与审计 | C8: 2027-01-15 | D8: 报表、日志、二次验证 | E8: G3 | F8: P1/P2 | G8: ⬜ 未开始
A9: M6 | B9: RAG 与加固 | C9: 2027-01-24 | D9: 问答达标、性能/安全通过 | E9: G4 | F9: P1/P5 | G9: ⬜ 未开始
A10: M7 | B10: 交付答辩 | C10: 2027-01-31 | D10: 部署包、文档、演示 | E10: G5 | F10: 全员 | G10: ⬜ 未开始

Sheet 风险登记册
A1: 风险登记册 · 分值 = 概率 × 影响（≥15 高，8–14 中，≤7 低）
A2: 编号 | B2: 类别 | C2: 风险描述 | D2: 概率 | E2: 影响 | F2: 分值 | G2: 等级 | H2: 应对策略 | I2: 触发信号 | J2: 责任人 | K2: 状态
A3: R01 | B3: 需求 | C3: 需求理解偏差，交付物与客户预期不符 | D3: 4 | E3: 4 | F3: 16 | G3: 🔴 高 | H3: 基线+BDD+原型走查+G1签字；每迭代演示 | I3: 评审 ≥5 条“这不是我要的” | J3: P1 | K3: 🟡 监控中
A4: R02 | B4: 技术 | C4: 并发预约超卖 / 排队顺位错乱 | D4: 3 | E4: 5 | F4: 15 | G4: 🔴 高 | H4: DB 唯一约束裁决 + 100 并发压测 + 代码评审 | I4: 压测出现 2 条重叠占用 | J4: P2 | K4: 🟡 监控中
A5: R03 | B5: 进度 | C5: 成员课业/考试冲突导致投入不足 | D5: 4 | E5: 3 | F5: 12 | G5: 🟡 中 | H5: 产能按 60–90% 估算 + W16 缓冲 + 结对备份 | I5: 连续 2 周完成率 <70% | J5: P1 | K5: 🟡 监控中
A6: R04 | B6: 外部 | C6: 短信通道无资质/审核不通过 | D6: 4 | E6: 3 | F6: 12 | G6: 🟡 中 | H6: 开发用模拟网关；生产备选阿里云/腾讯云 | I6: 模板报备被拒 | J6: P5 | K6: 🟡 监控中
A7: R05 | B7: 外部 | C7: LLM API 不稳定、限流或涨价 | D7: 3 | E7: 3 | F7: 9 | G7: 🟡 中 | H7: 多供应商适配 + 本地 Embedding + 缓存 + 降级 FAQ | I7: 连续 3 次超时/429 | J7: P2 | K7: 🟡 监控中
A8: R06 | B8: 安全 | C8: 资质/手机号泄露或越权访问 | D8: 2 | E8: 5 | F8: 10 | G8: 🟡 中 | H8: 加密、脱敏、RBAC、二次验证、渗透测试、审计 | I8: 越权用例失败 | J8: P2 | K8: 🟡 监控中
A9: R07 | B9: 合规 | C9: 违反《个人信息保护法》（超范围收集/留存） | D9: 2 | E9: 5 | F9: 10 | G9: 🟡 中 | H9: 禁存字段 + 最小必要 + 隐私政策 + DPIA + 评审 | I9: 需求出现“收集身份证” | J9: P1 | K9: 🟡 监控中
A10: R08 | B10: 技术 | C10: 12h 调整/候补 TTL 边界实现错误 | D10: 4 | E10: 3 | F10: 12 | G10: 🟡 中 | H10: 边界用例参数化（±1 秒）+ 状态机测试 | I10: 边界用例失败 | J10: P5 | K10: 🟡 监控中
A11: R09 | B11: 质量 | C11: 测试覆盖不足，“全绿但功能不对” | D11: 3 | E11: 4 | F11: 12 | G11: 🟡 中 | H11: RTM 门禁 + 断言强度审查 + 变异测试抽检 | I11: P0 需求无用例 | J11: P5 | K11: 🟡 监控中
A12: R10 | B12: 技术 | C12: RAG 答非所问/编造政策 | D12: 3 | E12: 3 | F12: 9 | G12: 🟡 中 | H12: 50 题评测 + 引用强制 + 拒答阈值 + 人工兜底 | I12: 正确率 <80% | J12: P4 | K12: 🟡 监控中
A13: R11 | B13: 安全 | C13: 提示词注入导致越权/泄露系统提示 | D13: 3 | E13: 3 | F13: 9 | G13: 🟡 中 | H13: 只读边界 + 输入过滤 + 输出审查 + 20 条注入用例 | I13: 注入用例出现泄露 | J13: P2 | K13: 🟡 监控中
A14: R12 | B14: 进度 | C14: 联调阻塞（接口变更/环境不通） | D14: 3 | E14: 3 | F14: 9 | G14: 🟡 中 | H14: API 契约先行 + Mock + 每日联调 + 变更通知 | I14: 联调连续 2 天无进展 | J14: P2 | K14: 🟡 监控中
... A20: R18 | B20: 数据 | C20: 销量数据来源缺失导致统计算不出来 | D20: 3 | E20: 2 | F20: 6 | G20: 🟢 低 | H20: V1 手工录入 + 页面标注来源 | I20: 客户无法提供数据 | J20: P1 | K20: 🟢 已接受

Sheet 测试用例索引
A1: 测试用例索引 · 78 条（执行状态与缺陷号可填）
A2: 用例编号 | B2: 关联需求 | C2: 场景与步骤（摘要） | D2: 优先级 | E2: 方式 | F2: 执行状态 | G2: 缺陷号 | H2: 备注
A3: TC-BASE-01 | B3: REQ-BASE-01 | C3: ①管理员提交合法农户（姓名/县域/手机号/资质）②提交含 `idCard` 的请求 ③重复 `farmerNo` | D3: P0 | E3: A | F3: ⬜ 未执行
A4: TC-BASE-02 | B4: REQ-BASE-02、REQ-AUTH-07 | C4: ①系统管理员看列表 ②农户 B 访问农户 A 详情 ③直播管理员调用查看全号 ④系统管理员未二次验证查看 ⑤系统管理员完成二次验证并填原因 ⑥搜索反脱敏接口 | D4: P0 | E4: A+S | F4: ⬜ 未执行
A5: TC-BASE-03 | B5: REQ-BASE-03 | C5: ①上传 11MB PDF ②上传 `.exe` ③上传合法 PDF ④直接访问 fileKey ⑤16 分钟后访问签名 URL | D5: P0 | E5: A | F5: ⬜ 未执行
A6: TC-BASE-04 | B6: REQ-BASE-04 | C6: ①原因 4 字 ②原因合法 ③连续改同一字段 3 次 | D6: P1 | E6: A | F6: ⬜ 未执行
A7: TC-BASE-05 | B7: REQ-BASE-05 | C7: ①场地 C001 下新增 2 台设备 ②前端传自定义编号 `ZB-X-99` | D7: P0 | E7: A | F7: ⬜ 未执行
A8: TC-BASE-06 | B8: REQ-BASE-06、REQ-BASE-10 | C8: ①设备置维修（填原因 + 预计恢复）②查 7 天可用资源 ③指定该设备预约 | D8: P0 | E8: A | F8: ⬜ 未执行
A9: TC-BASE-07 | B9: REQ-BASE-08、REQ-BASE-09 | C9: ①开放时段 `18:00-09:00` ②设备绑不存在场地 ③设备跨场地变更 | D9: P0 | E9: A | F9: ⬜ 未执行
A10: TC-BASE-08 | B10: REQ-BASE-11 | C10: ①按农户 ID + 县域 + 状态组合筛选 ②姓名输入 `%` ③分页 100 | D10: P0 | E10: A | F10: ⬜ 未执行
A11: TC-BASE-09 | B11: REQ-BASE-13 | C11: ①未认证农户提交预约 ②停用农户登录 ③资质过期 | D11: P0 | E11: A | F11: ⬜ 未执行
A12: TC-BASE-10 | B12: REQ-BASE-07 | C12: ①设备到期前 7 天 ②同一天跑任务 2 次 ③过期后查可约 | D12: P2 | E12: A | F12: ⬜ 未执行
A13: TC-BASE-11 | B13: REQ-BASE-12 | C13: ①开关关闭触发同步 ②开启后 Mock 失败 | D13: P2 | E13: A | F13: ⬜ 未执行
A14: TC-BOOK-01 | B14: REQ-BOOK-01、REQ-BOOK-02、REQ-BOOK-04 | C14: 农户提交：寿县、草莓专场、10:00-12:00、2 个产品 | D14: P0 | E14: A | F14: ⬜ 未执行
... A80: TC-NFR-08 | B80: NFR-AVAIL-01 | C80: 备份→删库→恢复→校验 | D80: P0 | E80: M | F80: ⬜ 未执行

Sheet 变更台账
A1: 变更台账 · C1 重大 / C2 一般 / C3 轻微 / C4 紧急
A2: 变更编号 | B2: 日期 | C2: 变更内容 | D2: 级别 | E2: 影响分析 | F2: 审批 | G2: 状态
A3: CR-20261019-01 | B3: 2026-10-19 | C3: 权限骨架前置到 S1（原计划最后） | D3: C1 | E3: 排期微调，S4 仍保留完整审计 | F3: P1/P2/P5 已批准 | G3: ✅ 已批准
A4: CR-20261019-02 | B4: 2026-10-19 | C4: 预约必须绑定设备与场地（Q2 默认决策） | D4: C1 | E4: 预约/冲突/排队设计 | F4: 待 G1 确认 | G4: 🟡 待批
A5: CR-20261019-03 | B5: 2026-10-19 | C5: 销量 V1 改为手工录入/导入（Q1） | D5: C1 | E5: 统计口径与页面 | F5: 待 G1 确认 | G5: 🟡 待批
A6: CR-20261019-04 | B6: 2026-10-19 | C6: 候补 TTL = min(24h, 开播前 2h)（Q3） | D6: C2 | E6: 排队规则与用例 | F6: P1/P2 已批准 | G6: ✅ 已批准

Sheet 待确认项
A1: 待确认项 · G1 前需闭环 Q1–Q4
A2: 编号 | B2: 问题 | C2: 默认决策 | D2: 责任人 | E2: 截止 | F2: 状态
A3: Q1 | B3: “直播关联农产品销量”的数据从哪来？ | C3: V1 管理员按场次手工录入/CSV 导入，页面标注来源；V1.1 再对接 | D3: P1 | E3: G1 | F3: 🟡 待确认
A4: Q2 | B4: 预约时是否必须指定设备？原型表单未出现设备/场地 | C4: 必须绑定 1 台设备 + 1 个场地；前端按县域推荐空闲资源 | D4: P1/P2 | E4: G1 | F4: 🟡 待确认
A5: Q3 | B5: 候补“规定时间”具体多久？原型写 24 小时 | C5: TTL = min(24h, 开播前 2h)；剩余 <30min 不发起候补 | D5: P1 | E5: G1 | F5: 🟡 待确认
A6: Q4 | B6: 排队号序号按什么维度自增？ | C6: 按“设备 + 直播日期 + 时段”3 位左补零自增，全系统唯一 | D6: P2 | E6: G1 | F6: 🟡 待确认
A7: Q5 | B7: 优先级（高/低）是否影响排队顺序？ | C7: 不影响；需求要求严格按申请时间排序，优先级仅作调度参考 | D7: P1 | E7: S2 | F7: 🟡 待确认
A8: Q6 | B8: 短信通道是否具备真实资质？ | C8: 开发/测试用模拟网关；生产切阿里云；未报备模板禁止上线 | D8: P5 | E8: S2 | F8: 🟡 待确认
A9: Q7 | B9: LLM 用哪家、预算多少？ | C9: 主 DeepSeek-V3；备通义千问；Embedding 本地 bge-m3；月预算 ≤¥300 | D9: P2 | E9: S4 | F9: 🟡 待确认
A10: Q8 | B10: 第三方助农平台同步是否必做？ | C10: P2 可选；仅做适配器 + 开关，默认关闭，不阻塞主线 | D10: P1 | E10: S2 | F10: 🟡 待确认

Sheet 统计看板
A1: 统计看板（公式自动汇总）
A3: 域 | B3: 需求数 | C3: P0 | D3: P1 | E3: P2
A4: BASE | B4: =COUNTIF('需求清单'!$B$3:$B$1000,A4) | C4: =COUNTIFS('需求清单'!$B$3:$B$1000,A4,'需求清单'!$D$3:$D$1000,"P0") | D4: =COUNTIFS('需求清单'!$B$3:$B$1000,A4,'需求清单'!$D$3:$D$1000,"P1") | E4: =COUNTIFS('需求清单'!$B$3:$B$1000,A4,'需求清单'!$D$3:$D$1000,"P2")
A5: BOOK | B5: =COUNTIF('需求清单'!$B$3:$B$1000,A5) | C5: =COUNTIFS('需求清单'!$B$3:$B$1000,A5,'需求清单'!$D$3:$D$1000,"P0") | D5: =COUNTIFS('需求清单'!$B$3:$B$1000,A5,'需求清单'!$D$3:$D$1000,"P1") | E5: =COUNTIFS('需求清单'!$B$3:$B$1000,A5,'需求清单'!$D$3:$D$1000,"P2")
A6: QUEUE | B6: =COUNTIF('需求清单'!$B$3:$B$1000,A6) | C6: =COUNTIFS('需求清单'!$B$3:$B$1000,A6,'需求清单'!$D$3:$D$1000,"P0") | D6: =COUNTIFS('需求清单'!$B$3:$B$1000,A6,'需求清单'!$D$3:$D$1000,"P1") | E6: =COUNTIFS('需求清单'!$B$3:$B$1000,A6,'需求清单'!$D$3:$D$1000,"P2")
A7: NOTI | B7: =COUNTIF('需求清单'!$B$3:$B$1000,A7) | C7: =COUNTIFS('需求清单'!$B$3:$B$1000,A7,'需求清单'!$D$3:$D$1000,"P0") | D7: =COUNTIFS('需求清单'!$B$3:$B$1000,A7,'需求清单'!$D$3:$D$1000,"P1") | E7: =COUNTIFS('需求清单'!$B$3:$B$1000,A7,'需求清单'!$D$3:$D$1000,"P2")
A8: STAT | B8: =COUNTIF('需求清单'!$B$3:$B$1000,A8) | C8: =COUNTIFS('需求清单'!$B$3:$B$1000,A8,'需求清单'!$D$3:$D$1000,"P0") | D8: =COUNTIFS('需求清单'!$B$3:$B$1000,A8,'需求清单'!$D$3:$D$1000,"P1") | E8: =COUNTIFS('需求清单'!$B$3:$B$1000,A8,'需求清单'!$D$3:$D$1000,"P2")
A9: AUTH | B9: =COUNTIF('需求清单'!$B$3:$B$1000,A9) | C9: =COUNTIFS('需求清单'!$B$3:$B$1000,A9,'需求清单'!$D$3:$D$1000,"P0") | D9: =COUNTIFS('需求清单'!$B$3:$B$1000,A9,'需求清单'!$D$3:$D$1000,"P1") | E9: =COUNTIFS('需求清单'!$B$3:$B$1000,A9,'需求清单'!$D$3:$D$1000,"P2")
A10: RAG | B10: =COUNTIF('需求清单'!$B$3:$B$1000,A10) | C10: =COUNTIFS('需求清单'!$B$3:$B$1000,A10,'需求清单'!$D$3:$D$1000,"P0") | D10: =COUNTIFS('需求清单'!$B$3:$B$1000,A10,'需求清单'!$D$3:$D$1000,"P1") | E10: =COUNTIFS('需求清单'!$B$3:$B$1000,A10,'需求清单'!$D$3:$D$1000,"P2")
A11: NFR | B11: =COUNTIF('需求清单'!$B$3:$B$1000,A11) | C11: =COUNTIFS('需求清单'!$B$3:$B$1000,A11,'需求清单'!$D$3:$D$1000,"P0") | D11: =COUNTIFS('需求清单'!$B$3:$B$1000,A11,'需求清单'!$D$3:$D$1000,"P1") | E11: =COUNTIFS('需求清单'!$B$3:$B$1000,A11,'需求清单'!$D$3:$D$1000,"P2")
A12: 合计 | B12: =SUM(B4:B11) | C12: =SUM(C4:C11) | D12: =SUM(D4:D11) | E12: =SUM(E4:E11)
A15: 迭代 | B15: 需求数 | C15: P0
A16: S1 | B16: =COUNTIF('需求清单'!$E$3:$E$1000,A16) | C16: =COUNTIFS('需求清单'!$E$3:$E$1000,A16,'需求清单'!$D$3:$D$1000,"P0")
A17: S2 | B17: =COUNTIF('需求清单'!$E$3:$E$1000,A17) | C17: =COUNTIFS('需求清单'!$E$3:$E$1000,A17,'需求清单'!$D$3:$D$1000,"P0")
A18: S3 | B18: =COUNTIF('需求清单'!$E$3:$E$1000,A18) | C18: =COUNTIFS('需求清单'!$E$3:$E$1000,A18,'需求清单'!$D$3:$D$1000,"P0")
A19: S4 | B19: =COUNTIF('需求清单'!$E$3:$E$1000,A19) | C19: =COUNTIFS('需求清单'!$E$3:$E$1000,A19,'需求清单'!$D$3:$D$1000,"P0")
A20: S5 | B20: =COUNTIF('需求清单'!$E$3:$E$1000,A20) | C20: =COUNTIFS('需求清单'!$E$3:$E$1000,A20,'需求清单'!$D$3:$D$1000,"P0")
A23: 状态 | B23: 数量
A24: ⬜ 未开始 | B24: =COUNTIF('需求清单'!$J$3:$J$1000,A24)
A25: 🔨 开发中 | B25: =COUNTIF('需求清单'!$J$3:$J$1000,A25)
A26: 🟡 待测 | B26: =COUNTIF('需求清单'!$J$3:$J$1000,A26)
A27: ✅ 已验收 | B27: =COUNTIF('需求清单'!$J$3:$J$1000,A27)
A28: ⛔ 阻塞 | B28: =COUNTIF('需求清单'!$J$3:$J$1000,A28)
